<?xml version="1.0" encoding="UTF-8"?>
<!DOCTYPE suite SYSTEM "http://testng.org/testng-1.0.dtd">
<suite name="Suite" >

  <test name="FirefoxTestCase">
  <parameter name="browser" value="firefox"/>
  <classes>
  
  <class name="crossBrowser.VerifyTitle"/>
  
  </classes>
  
  </test>
  
  <test name="ChromeTestCase">
  <parameter name="browser" value="chrome"/>
  <classes>
  
  <class name="crossBrowser.VerifyTitle"/>
  
  </classes>
  </test>
  
  <test name="IETestCase">
  <parameter name="browser" value="ie"/>
  <classes>
  
  <class name="crossBrowser.VerifyTitle"/>
  
  </classes>
  </test> <!-- Test -->
</suite> <!-- Suite -->
